-----------------------------  POVOAMENTO 1 ------------------------------

----Pessoas
--PASSAGEIRO
insert into Pessoa_tb (cpf,nome,idade)  -- Passageiro
    values ('71311506578','Heitor Yuri da Silva',28);
    
insert into Pessoa_tb (cpf,nome,idade) -- Passageiro
    values ('44527288989','Geraldo Elias Rezende',57);
    
insert into Pessoa_tb (cpf,nome,idade) -- Passageiro
    values ('32008422704','Sônia Márcia Valentina Galvão',43);

insert into Pessoa_tb (cpf,nome,idade) -- Passageiro
    values ('54657828622','Bernardo Thomas da Cruz',19);

insert into Pessoa_tb (cpf,nome,idade) -- Passageiro
    values ('03757527062','Andreia Emily Lara Monteiro',32);
    
insert into Pessoa_tb (cpf,nome,idade) -- Passageiro
    values ('64145381084','Daniel Samuel Nelson Souza',25);
    
insert into Pessoa_tb (cpf,nome,idade) -- Passageiro
    values ('01280004223','Cláudio Carlos Eduardo Nogueira',37);

insert into Pessoa_tb (cpf,nome,idade) -- Passageiro
    values ('73641828619','Isaac Heitor Lucca Martins',42);
    
insert into Pessoa_tb (cpf,nome,idade) -- Passageiro
    values ('14121741633','Giovanna Catarina Laura da Mota',39);
    
insert into Pessoa_tb (cpf,nome,idade) -- Passageiro
    values ('34988775267','Isabella Vanessa Ferreira',53);

insert into Pessoa_tb (cpf,nome,idade) -- Passageiro
    values ('18683894487','Milena Adriana Kamilly Duarte',20);

insert into Pessoa_tb (cpf,nome,idade) -- Passageiro
    values ('49152142140','Anthony Sebastião João Ramos',42);

insert into Pessoa_tb (cpf,nome,idade) -- Passageiro
    values ('45238400756','Miguel Cauê Julio Peixoto',39);

insert into Pessoa_tb (cpf,nome,idade) -- Passageiro
    values ('69444744507','Cristiane Alícia dos Santos',49);

insert into Pessoa_tb (cpf,nome,idade) -- Passageiro
    values ('00853954550','Severino Luís Diego da Silva',77);

insert into Pessoa_tb (cpf,nome,idade) -- Passageiro
    values ('71518987702','Matheus Henrique Igor Moreira',20);

insert into Pessoa_tb (cpf,nome,idade) -- Passageiro
    values ('40681591064','Raquel Valentina Silveira',74);

insert into Pessoa_tb (cpf,nome,idade) -- Passageiro
    values ('70740420801','Davi Rodrigo Tomás Assis',68);

insert into Pessoa_tb (cpf,nome,idade) -- Passageiro
    values ('10982770669','João Mário Igor Aparício',25);
    
insert into Pessoa_tb (cpf,nome,idade) -- Passageiro
    values ('98946747552','Esther Andreia Pereira',61);
    
insert into Pessoa_tb (cpf,nome,idade) -- Passageiro
    values ('27901161809','Gustavo Campos',20);

insert into Pessoa_tb (cpf,nome,idade) -- Passageiro
    values ('11096112183','Kamilly Ana da Luz',85);
    
insert into Pessoa_tb (cpf,nome,idade) -- Passageiro
    values ('78860429560','Giovanna Aline Betina da Luz',26);
    
insert into Pessoa_tb (cpf,nome,idade) -- Passageiro
    values ('69334029676','Tiago Osvaldo Oliver Lima',21);


--TRIPULANTE    
insert into Pessoa_tb (cpf,nome,idade) --Tripulante
    values ('06059026150','Mário Cauã Diego Drumond',54);
    
insert into Pessoa_tb (cpf,nome,idade) --Tripulante
    values ('38627188670','Mateus Luís Pires',78);
    
insert into Pessoa_tb (cpf,nome,idade) --Tripulante
    values ('27240059960','Lucas Van Lume',22);

insert into Pessoa_tb (cpf,nome,idade) --Tripulante
    values ('28158159664','Tomás Rafael de Paula',45);

insert into Pessoa_tb (cpf,nome,idade) --Tripulante
    values ('09516032486','Sophia Aurora Galvão',20);
    
insert into Pessoa_tb (cpf,nome,idade) --Tripulante
    values ('82491793741','Isadora Lorena Rosângela Ramos',62);

insert into Pessoa_tb (cpf,nome,idade) --Tripulante
    values ('58777771907','Gabriela Camila Corte Real',46);

insert into Pessoa_tb (cpf,nome,idade) --Tripulante
    values ('95441453206','Carolina Ayla Moura',40);

insert into Pessoa_tb (cpf,nome,idade) --Tripulante
    values ('58615293961','Luís Severino Juan Melo',68);

insert into Pessoa_tb (cpf,nome,idade) --Tripulante
    values ('34037975548','Rodrigo José Pedro Henrique Gomes',44);

----Telefone Pessoa

insert into Telefone_Pessoa_tb (cpf,contato) 
    values ('71311506578','95992915304');

insert into Telefone_Pessoa_tb (cpf,contato) 
    values ('71311506578','95992915301');

insert into Telefone_Pessoa_tb (cpf,contato) 
    values ('44527288989','6735856655');

insert into Telefone_Pessoa_tb (cpf,contato) 
    values ('32008422704','6625156368');

insert into Telefone_Pessoa_tb (cpf,contato) 
    values ('32008422704','6625156365');

insert into Telefone_Pessoa_tb (cpf,contato) 
    values ('34988775267','2226451615');

insert into Telefone_Pessoa_tb (cpf,contato) 
    values ('34988775267','2226451333');

insert into Telefone_Pessoa_tb (cpf,contato) 
    values ('54657828622','7928065753');

insert into Telefone_Pessoa_tb (cpf,contato) 
    values ('54657828622','7968065753');

insert into Telefone_Pessoa_tb (cpf,contato) 
    values ('03757527062','1735222725');

insert into Telefone_Pessoa_tb (cpf,contato) 
    values ('64145381084','8227893165');

insert into Telefone_Pessoa_tb (cpf,contato) 
    values ('01280004223','5528886111');

insert into Telefone_Pessoa_tb (cpf,contato) 
    values ('73641828619','8727827386');

insert into Telefone_Pessoa_tb (cpf,contato) 
    values ('73641828619','8727825886');

insert into Telefone_Pessoa_tb (cpf,contato) 
    values ('14121741633','6337666892');

insert into Telefone_Pessoa_tb (cpf,contato) 
    values ('18683894487','81987190672');

insert into Telefone_Pessoa_tb (cpf,contato) 
    values ('49152142140','41983437179');

insert into Telefone_Pessoa_tb (cpf,contato) 
    values ('45238400756','86997398947');

insert into Telefone_Pessoa_tb (cpf,contato) 
    values ('69444744507','31987313760');

insert into Telefone_Pessoa_tb (cpf,contato) 
    values ('00853954550','66993120282');

insert into Telefone_Pessoa_tb (cpf,contato) 
    values ('00853954550','66993170262');

insert into Telefone_Pessoa_tb (cpf,contato) 
    values ('71518987702','66999886681');

insert into Telefone_Pessoa_tb (cpf,contato) 
    values ('71518987702','66999896681');

insert into Telefone_Pessoa_tb (cpf,contato) 
    values ('40681591064','99991469429');

insert into Telefone_Pessoa_tb (cpf,contato) 
    values ('70740420801','83996022273');

insert into Telefone_Pessoa_tb (cpf,contato) 
    values ('10982770669','27989149727');

insert into Telefone_Pessoa_tb (cpf,contato) 
    values ('98946747552','67997791283');

insert into Telefone_Pessoa_tb (cpf,contato) 
    values ('27901161809','95988140403');

insert into Telefone_Pessoa_tb (cpf,contato) 
    values ('11096112183','21984035955');

insert into Telefone_Pessoa_tb (cpf,contato) 
    values ('78860429560','62995508381');

insert into Telefone_Pessoa_tb (cpf,contato) 
    values ('78860429560','62994444381');

insert into Telefone_Pessoa_tb (cpf,contato) 
    values ('69334029676','62995482293');

insert into Telefone_Pessoa_tb (cpf,contato) 
    values ('69334029676','62685482293');

insert into Telefone_Pessoa_tb (cpf,contato) 
    values ('06059026150','81986789332');

insert into Telefone_Pessoa_tb (cpf,contato) 
    values ('38627188670','79995603219');

insert into Telefone_Pessoa_tb (cpf,contato) 
    values ('27240059960','92987870034');

insert into Telefone_Pessoa_tb (cpf,contato) 
    values ('28158159664','47987406623');


insert into Telefone_Pessoa_tb (cpf,contato) 
    values ('28158159664','47987598623');


insert into Telefone_Pessoa_tb (cpf,contato) 
    values ('09516032486','49993731254');

insert into Telefone_Pessoa_tb (cpf,contato) 
    values ('82491793741','86987311703');

insert into Telefone_Pessoa_tb (cpf,contato) 
    values ('58777771907','82983062693');
    
insert into Telefone_Pessoa_tb (cpf,contato) 
    values ('95441453206','81984365355');

insert into Telefone_Pessoa_tb (cpf,contato) 
    values ('95441453206','81984378355');

insert into Telefone_Pessoa_tb (cpf,contato) 
    values ('58615293961','31997003702');

insert into Telefone_Pessoa_tb (cpf,contato) 
    values ('58615293961','31997036902');

insert into Telefone_Pessoa_tb (cpf,contato) 
    values ('34037975548','47991580315');

----CEP

insert into CEP_tb (cep,rua,cidade)
    values ('88311710','Rua Cardeal Arcoverde','Campo Grande');

insert into CEP_tb (cep,rua,cidade)
    values ('29146671','Rua Benjamin','Rio Branco');

insert into CEP_tb (cep,rua,cidade)
    values ('76808221','Avenida Francisco Lacerda de Aguiar 150','Cachoeiro de Itapemirim');

insert into CEP_tb (cep,rua,cidade)
    values ('69301300','Avenida dos Tamoios','Macapá');

insert into CEP_tb (cep,rua,cidade)
    values ('57072790','Travessa dos Bandeirantes','Cuiabá');

insert into CEP_tb (cep,rua,cidade)
    values ('89227701','Avenida Catarina Madureira','Macapá');

insert into CEP_tb (cep,rua,cidade)
    values ('21941210','Rua Nacional','Manaus');

insert into CEP_tb (cep,rua,cidade)
    values ('59042200','Rua Arauana','Rio de Janeiro');

insert into CEP_tb (cep,rua,cidade)
    values ('45055788','Rua Turmalina','Porto Velho');

insert into CEP_tb (cep,rua,cidade)
    values ('59066454','Rua Otávio Sebastião','Oficinas');

insert into CEP_tb (cep,rua,cidade)
    values ('51160061','Travessa Sargento do S. Macêdo','Recife');

insert into CEP_tb (cep,rua,cidade)
    values ('83320160','Rua Haiti','Pinhais');

insert into CEP_tb (cep,rua,cidade)
    values ('64075595','Rua Sete','Teresina');

insert into CEP_tb (cep,rua,cidade)
    values ('35430252','Rua Gabriel Palermo','Ponte Nova');

insert into CEP_tb (cep,rua,cidade)
    values ('78721040','Rua José Xavier Moreno','Rondonópolis');

insert into CEP_tb (cep,rua,cidade)
    values ('78734172','Travessa Santa Taciana','Rondonópolis');

insert into CEP_tb (cep,rua,cidade)
    values ('65606740','Rua da Bandeira','Caxias');

insert into CEP_tb (cep,rua,cidade)
    values ('58046514','Rua Iraci de Barros Soares','João Pessoa');

insert into CEP_tb (cep,rua,cidade)
    values ('69313179','Avenida dos Bandeirantes','Boa Vista');

insert into CEP_tb (cep,rua,cidade)
    values ('69914268','Rua Junqueira','Teresina');

insert into CEP_tb (cep,rua,cidade)
    values ('66821080','Rua Nove','Angra dos Reis');

insert into CEP_tb (cep,rua,cidade)
    values ('70670600','Rua Heleno Bernardo','Passo Fundo');

insert into CEP_tb (cep,rua,cidade)
    values ('69050147','Beco do Manoel','Rio Branco');

insert into CEP_tb (cep,rua,cidade)
    values ('74350760','Quadra 51','Santo Antônio do Descoberto');

insert into CEP_tb (cep,rua,cidade)
    values ('88095370','Avenida Prefeito Samuel','Linhares');

insert into CEP_tb (cep,rua,cidade)
    values ('74660020','Rua Governador Matias','João Pessoa');

insert into CEP_tb (cep,rua,cidade)
    values ('64013520','Rua Dez','Pelotas');

insert into CEP_tb (cep,rua,cidade)
    values ('69309515','RAvenida Jones dos Santos','São Mateus');

insert into CEP_tb (cep,rua,cidade)
    values ('88502280','Rua Soroptimista','Lages');

insert into CEP_tb (cep,rua,cidade)
    values ('64204220','Rua Benedito de Lima e Silva','Parnaíba');

insert into CEP_tb (cep,rua,cidade)
    values ('57048036','Rua Silva','Maceió');

insert into CEP_tb (cep,rua,cidade)
    values ('50670610','Rua Laurindo Rodrigues Campelo','Recife');

insert into CEP_tb (cep,rua,cidade)
    values ('33820570','Rua Alameda','Ribeirão das Neves');

insert into CEP_tb (cep,rua,cidade)
    values ('89163107','Rua Travessa Giocondo','Rio do Sul');

----Endereço

insert into Endereco_tb (cpf,numero,cep)
    values ('71311506578','811','88311710');

insert into Endereco_tb (cpf,numero,cep)
    values ('44527288989','241','29146671');

insert into Endereco_tb (cpf,numero,cep)
    values ('32008422704','896','76808221');

insert into Endereco_tb (cpf,numero,cep)
    values ('34988775267','443','69301300');

insert into Endereco_tb (cpf,numero,cep)
    values ('54657828622','130','57072790');

insert into Endereco_tb (cpf,numero,cep)
    values ('03757527062','673','89227701');

insert into Endereco_tb (cpf,numero,cep)
    values ('64145381084','780','21941210');

insert into Endereco_tb (cpf,numero,cep)
    values ('01280004223','818','59042200');

insert into Endereco_tb (cpf,numero,cep)
    values ('73641828619','575','45055788');

insert into Endereco_tb (cpf,numero,cep)
    values ('14121741633','259','59066454');

insert into Endereco_tb (cpf,numero,cep)
    values ('18683894487','228','51160061');

insert into Endereco_tb (cpf,numero,cep)
    values ('49152142140','866','83320160');

insert into Endereco_tb (cpf,numero,cep)
    values ('45238400756','690','64075595');

insert into Endereco_tb (cpf,numero,cep)
    values ('69444744507','772','35430252');

insert into Endereco_tb (cpf,numero,cep)
    values ('00853954550','600','78721040');

insert into Endereco_tb (cpf,numero,cep)
    values ('71518987702','268','78734172');

insert into Endereco_tb (cpf,numero,cep)
    values ('40681591064','552','65606740');

insert into Endereco_tb (cpf,numero,cep)
    values ('70740420801','963','58046514');

insert into Endereco_tb (cpf,numero,cep)
    values ('10982770669','364','69313179');

insert into Endereco_tb (cpf,numero,cep)
    values ('98946747552','106','69914268');

insert into Endereco_tb (cpf,numero,cep)
    values ('27901161809','615','66821080');

insert into Endereco_tb (cpf,numero,cep)
    values ('11096112183','735','70670600');

insert into Endereco_tb (cpf,numero,cep)
    values ('78860429560','679','69050147');

insert into Endereco_tb (cpf,numero,cep)
    values ('69334029676','595','74350760');

insert into Endereco_tb (cpf,numero,cep)
    values ('06059026150','401','88095370');

insert into Endereco_tb (cpf,numero,cep)
    values ('38627188670','502','74660020');

insert into Endereco_tb (cpf,numero,cep)
    values ('27240059960','816','64013520');

insert into Endereco_tb (cpf,numero,cep)
    values ('28158159664','227','69309515');

insert into Endereco_tb (cpf,numero,cep)
    values ('09516032486','237','88502280');

insert into Endereco_tb (cpf,numero,cep)
    values ('82491793741','665','64204220');

insert into Endereco_tb (cpf,numero,cep)
    values ('58777771907','415','57048036');

insert into Endereco_tb (cpf,numero,cep)
    values ('95441453206','504','50670610');

insert into Endereco_tb (cpf,numero,cep)
    values ('58615293961','457','33820570');

insert into Endereco_tb (cpf,numero,cep)
    values ('34037975548','433','89163107');

----Tripulante

--Piloto

insert into Tripulante_tb (cpf_pe,cadastro,cargo,salario,cadastro_supervisor) --#1
    values ('06059026150',Tripulante_seq.NEXTVAL,'Piloto',28000.00, NULL);

insert into Tripulante_tb (cpf_pe,cadastro,cargo,salario,cadastro_supervisor) --#2
    values ('38627188670',Tripulante_seq.NEXTVAL,'Piloto',30000.00, NULL);

insert into Tripulante_tb (cpf_pe,cadastro,cargo,salario,cadastro_supervisor) --#3
    values ('27240059960',Tripulante_seq.NEXTVAL,'Piloto',20000.00,1);

insert into Tripulante_tb (cpf_pe,cadastro,cargo,salario,cadastro_supervisor) --#4
    values ('28158159664',Tripulante_seq.NEXTVAL,'Piloto',18000.00,2);


--Comissário

insert into Tripulante_tb (cpf_pe,cadastro,cargo,salario,cadastro_supervisor) --#5
    values ('09516032486',Tripulante_seq.NEXTVAL,'Comissário',4000.00, 1);

insert into Tripulante_tb (cpf_pe,cadastro,cargo,salario,cadastro_supervisor) --#6
    values ('82491793741',Tripulante_seq.NEXTVAL,'Comissário',3500.00, 1);

insert into Tripulante_tb (cpf_pe,cadastro,cargo,salario,cadastro_supervisor) --#7
    values ('58777771907',Tripulante_seq.NEXTVAL,'Comissário',3500.00, 1);

insert into Tripulante_tb (cpf_pe,cadastro,cargo,salario,cadastro_supervisor) --#8
    values ('95441453206',Tripulante_seq.NEXTVAL,'Comissário',5000.00, 2);

insert into Tripulante_tb (cpf_pe,cadastro,cargo,salario,cadastro_supervisor) --#9
    values ('58615293961',Tripulante_seq.NEXTVAL,'Comissário',3000.00,2);

insert into Tripulante_tb (cpf_pe,cadastro,cargo,salario,cadastro_supervisor) --#10
    values ('34037975548',Tripulante_seq.NEXTVAL,'Comissário',4200.00,2);

----Passageiro

insert into Passageiro_tb (cpf_pe, fidelidade)
    values ('18683894487', 0);

insert into Passageiro_tb (cpf_pe, fidelidade)
    values ('49152142140', 1);

insert into Passageiro_tb (cpf_pe, fidelidade)
    values ('45238400756', 1);

insert into Passageiro_tb (cpf_pe, fidelidade)
    values ('69444744507', 1);

insert into Passageiro_tb (cpf_pe, fidelidade)
    values ('00853954550', 1);

insert into Passageiro_tb (cpf_pe, fidelidade)
    values ('71518987702', 1);

insert into Passageiro_tb (cpf_pe, fidelidade)
    values ('40681591064', 1);

insert into Passageiro_tb (cpf_pe, fidelidade)
    values ('70740420801', 0);

insert into Passageiro_tb (cpf_pe, fidelidade)
    values ('71311506578', 1);

insert into Passageiro_tb (cpf_pe, fidelidade)
    values ('44527288989', 1);

insert into Passageiro_tb (cpf_pe, fidelidade)
    values ('32008422704', 1);

insert into Passageiro_tb (cpf_pe, fidelidade)
    values ('54657828622', 1);

insert into Passageiro_tb (cpf_pe, fidelidade)
    values ('03757527062', 1);

insert into Passageiro_tb (cpf_pe, fidelidade)
    values ('64145381084', 1);

insert into Passageiro_tb (cpf_pe, fidelidade)
    values ('01280004223', 1);

insert into Passageiro_tb (cpf_pe, fidelidade)
    values ('73641828619', 1);

insert into Passageiro_tb (cpf_pe, fidelidade)
    values ('14121741633', 1);

insert into Passageiro_tb (cpf_pe, fidelidade)
    values ('34988775267', 1);

insert into Passageiro_tb (cpf_pe, fidelidade)
    values ('10982770669', 0);

insert into Passageiro_tb (cpf_pe, fidelidade)
    values ('98946747552', 1);

insert into Passageiro_tb (cpf_pe, fidelidade)
    values ('27901161809', 1);

insert into Passageiro_tb (cpf_pe, fidelidade)
    values ('11096112183', 1);

insert into Passageiro_tb (cpf_pe, fidelidade)
    values ('78860429560', 0);

insert into Passageiro_tb (cpf_pe, fidelidade)
    values ('69334029676', 1);

----Bagagem

insert into Bagagem_tb (cpf_pa, bag_id, peso, inspecao)
            values ('18683894487', 1, 1.0, 1);

insert into Bagagem_tb (cpf_pa, bag_id, peso, inspecao)
            values ('49152142140', 1, 2.0, 1);

insert into Bagagem_tb (cpf_pa, bag_id, peso, inspecao)
            values ('45238400756', 1, 2.5, 1);

insert into Bagagem_tb (cpf_pa, bag_id, peso, inspecao)
            values ('69444744507', 1, 2.0, 1);

insert into Bagagem_tb (cpf_pa, bag_id, peso, inspecao)
            values ('00853954550', 1, 2.0, 1);

insert into Bagagem_tb (cpf_pa, bag_id, peso, inspecao)
            values ('71518987702', 1, 2.0, 0);

insert into Bagagem_tb (cpf_pa, bag_id, peso, inspecao)
            values ('40681591064', 1, 2.0, 0);

insert into Bagagem_tb (cpf_pa, bag_id, peso, inspecao)
            values ('70740420801', 1, 2.0, 0);


-- levam 2 bagagens

insert into Bagagem_tb (cpf_pa, bag_id, peso, inspecao)
            values ('71311506578', 1, 2.0, 0);
insert into Bagagem_tb (cpf_pa, bag_id, peso, inspecao)
            values ('71311506578', 2, 2.0, 1);


insert into Bagagem_tb (cpf_pa, bag_id, peso, inspecao)
            values ('44527288989', 1, 2.0, 1);
insert into Bagagem_tb (cpf_pa, bag_id, peso, inspecao)
            values ('44527288989', 2, 2.0, 1);


insert into Bagagem_tb (cpf_pa, bag_id, peso, inspecao)
        values ('32008422704', 1, 2.0, 0);
insert into Bagagem_tb (cpf_pa, bag_id, peso, inspecao)
        values ('32008422704', 2, 2.0, 1);


insert into Bagagem_tb (cpf_pa, bag_id, peso, inspecao)
        values ('64145381084', 1, 2.0, 1); 
insert into Bagagem_tb (cpf_pa, bag_id, peso, inspecao)
        values ('64145381084', 2, 2.0, 1);  


insert into Bagagem_tb (cpf_pa, bag_id, peso, inspecao)
            values ('54657828622', 1, 2.0, 1);
insert into Bagagem_tb (cpf_pa, bag_id, peso, inspecao)
            values ('54657828622', 2, 2.0, 0);


insert into Bagagem_tb (cpf_pa, bag_id, peso, inspecao)
            values ('03757527062', 1, 2.0, 0);
insert into Bagagem_tb (cpf_pa, bag_id, peso, inspecao)
            values ('03757527062', 2, 2.0, 1);


insert into Bagagem_tb (cpf_pa, bag_id, peso, inspecao)
            values ('01280004223', 1, 2.0, 0);
insert into Bagagem_tb (cpf_pa, bag_id, peso, inspecao)
            values ('01280004223', 2, 2.0, 1);


insert into Bagagem_tb (cpf_pa, bag_id, peso, inspecao)
            values ('73641828619', 1, 2.0, 1);
insert into Bagagem_tb (cpf_pa, bag_id, peso, inspecao)
            values ('73641828619', 2, 2.0, 1);

            
insert into Bagagem_tb (cpf_pa, bag_id, peso, inspecao)
            values ('14121741633', 1, 2.0, 1);
insert into Bagagem_tb (cpf_pa, bag_id, peso, inspecao)
            values ('14121741633', 2, 2.0, 1);


insert into Bagagem_tb (cpf_pa, bag_id, peso, inspecao)
            values ('34988775267', 1, 2.0, 1);
insert into Bagagem_tb (cpf_pa, bag_id, peso, inspecao)
            values ('34988775267', 2, 2.0, 0);


-- levam 3 bagagens

insert into Bagagem_tb (cpf_pa, bag_id, peso, inspecao)
            values ('10982770669', 1, 2.0, 1);
insert into Bagagem_tb (cpf_pa, bag_id, peso, inspecao)
            values ('10982770669', 2, 2.0, 0);
insert into Bagagem_tb (cpf_pa, bag_id, peso, inspecao)
            values ('10982770669', 3, 2.0, 1);



insert into Bagagem_tb (cpf_pa, bag_id, peso, inspecao)
            values ('98946747552', 1, 2.0, 0);
insert into Bagagem_tb (cpf_pa, bag_id, peso, inspecao)
            values ('98946747552', 2, 2.0, 1);
insert into Bagagem_tb (cpf_pa, bag_id, peso, inspecao)
            values ('98946747552', 3, 2.0, 1);



insert into Bagagem_tb (cpf_pa, bag_id, peso, inspecao)
            values ('27901161809', 1, 2.0, 1);
insert into Bagagem_tb (cpf_pa, bag_id, peso, inspecao)
            values ('27901161809', 2, 2.0, 1);
insert into Bagagem_tb (cpf_pa, bag_id, peso, inspecao)
            values ('27901161809', 3, 2.0, 1);



insert into Bagagem_tb (cpf_pa, bag_id, peso, inspecao)
            values ('11096112183', 1, 2.0, 1);
insert into Bagagem_tb (cpf_pa, bag_id, peso, inspecao)
            values ('11096112183', 2, 2.0, 0);
insert into Bagagem_tb (cpf_pa, bag_id, peso, inspecao)
            values ('11096112183', 3, 2.0, 0);



insert into Bagagem_tb (cpf_pa, bag_id, peso, inspecao)
            values ('78860429560', 1, 2.0, 1);
insert into Bagagem_tb (cpf_pa, bag_id, peso, inspecao)
            values ('78860429560', 2, 2.0, 1);
insert into Bagagem_tb (cpf_pa, bag_id, peso, inspecao)
            values ('78860429560', 3, 2.0, 1);



insert into Bagagem_tb (cpf_pa, bag_id, peso, inspecao)
            values ('69334029676', 1, 2.0, 1);
insert into Bagagem_tb (cpf_pa, bag_id, peso, inspecao)
            values ('69334029676', 2, 2.0, 1);
insert into Bagagem_tb (cpf_pa, bag_id, peso, inspecao)
            values ('69334029676', 3, 2.0, 1);


-----------------------  POVOAMENTO 2 ------------------------------------------
----Companhia Aérea

insert into Comp_aerea_tb (cnpj, nome)
    values ('06164253000187', 'Azul Airlines');

insert into Comp_aerea_tb (cnpj, nome)
    values ('09296295000160', 'Gol Airlines');

insert into Comp_aerea_tb (cnpj, nome)
    values ('02012862000160', 'LATAM Airlines');

insert into Comp_aerea_tb (cnpj, nome)
    values ('33136896000190', 'TAP Air Portugal');

insert into Comp_aerea_tb (cnpj, nome)
    values ('03834757000179', 'Copa Airlines');

insert into Comp_aerea_tb (cnpj, nome)
    values ('08692080000286', 'Emirates Airlines');

insert into Comp_aerea_tb (cnpj, nome)
    values ('36212637000199', 'American Airlines');

----Telefone C.A.

-- Azul
insert into Telefone_Comp_aerea_tb (cnpj_cia, contato)
    values ('06164253000187', '40031118');

insert into Telefone_Comp_aerea_tb (cnpj_cia, contato)
    values ('06164253000187', '08008871118');

insert into Telefone_Comp_aerea_tb (cnpj_cia, contato)
    values ('06164253000187', '40033255');

insert into Telefone_Comp_aerea_tb (cnpj_cia, contato)
    values ('06164253000187', '+18885872985');

insert into Telefone_Comp_aerea_tb (cnpj_cia, contato)
    values ('06164253000187', '+351800602985');

insert into Telefone_Comp_aerea_tb (cnpj_cia, contato)
    values ('06164253000187', '40031181');

-- Gol

insert into Telefone_Comp_aerea_tb (cnpj_cia, contato)
    values ('09296295000160', '03001152121');

insert into Telefone_Comp_aerea_tb (cnpj_cia, contato)
    values ('09296295000160', '+551155044410');

insert into Telefone_Comp_aerea_tb (cnpj_cia, contato)
    values ('09296295000160', '08007090466');

insert into Telefone_Comp_aerea_tb (cnpj_cia, contato)
    values ('09296295000160', '03001157007');

-- LATAM

insert into Telefone_Comp_aerea_tb (cnpj_cia, contato)
    values ('02012862000160', '03005705700');

insert into Telefone_Comp_aerea_tb (cnpj_cia, contato)
    values ('02012862000160', '40025700');

insert into Telefone_Comp_aerea_tb (cnpj_cia, contato)
    values ('02012862000160', '551140025700');

-- TAP

insert into Telefone_Comp_aerea_tb (cnpj_cia, contato)
    values ('33136896000190', '08007272347');

insert into Telefone_Comp_aerea_tb (cnpj_cia, contato)
    values ('33136896000190', '08008882099');

-- COPA

insert into Telefone_Comp_aerea_tb (cnpj_cia, contato)
    values ('03834757000179', '551149332399');

-- EMIRATES

insert into Telefone_Comp_aerea_tb (cnpj_cia, contato)
    values ('08692080000286', '+551155035000');

-- AA

insert into Telefone_Comp_aerea_tb (cnpj_cia, contato)
    values ('36212637000199', '30045000');

----Modelo Avião

insert into Modelo_aviao_tb (tipo_aviao,capacidade_aviao) values ('A320',118);
insert into Modelo_aviao_tb (tipo_aviao,capacidade_aviao) values ('A320neo',174);
insert into Modelo_aviao_tb (tipo_aviao,capacidade_aviao) values ('A330',268);
insert into Modelo_aviao_tb (tipo_aviao,capacidade_aviao) values ('737-700',126);
insert into Modelo_aviao_tb (tipo_aviao,capacidade_aviao) values ('737-800',162);
insert into Modelo_aviao_tb (tipo_aviao,capacidade_aviao) values ('737-900ER',178);
insert into Modelo_aviao_tb (tipo_aviao,capacidade_aviao) values ('Praetor 500',12);
insert into Modelo_aviao_tb (tipo_aviao,capacidade_aviao) values ('Phenom 300',12);
insert into Modelo_aviao_tb (tipo_aviao,capacidade_aviao) values ('E195-E2',132);
insert into Modelo_aviao_tb (tipo_aviao,capacidade_aviao) values ('Tu-95',0);

----Avião

-- Azul Airlines
insert into Aviao_tb (aviao_id,cnpj_cia,tipo) values ('PR-YSG','06164253000187','A320neo'); 
insert into Aviao_tb (aviao_id,cnpj_cia,tipo) values ('PR-GGE','06164253000187','A320');
insert into Aviao_tb (aviao_id,cnpj_cia,tipo) values ('PR-YRI','06164253000187','737-900ER'); 
insert into Aviao_tb (aviao_id,cnpj_cia,tipo) values ('PR-YJF','06164253000187','A320');

-- Gol Airlines
insert into Aviao_tb (aviao_id,cnpj_cia,tipo) values ('PR-GUZ','09296295000160','A320neo'); 
insert into Aviao_tb (aviao_id,cnpj_cia,tipo) values ('PS-GPA','09296295000160','A320');
insert into Aviao_tb (aviao_id,cnpj_cia,tipo) values ('PR-AXT','09296295000160','A320');
insert into Aviao_tb (aviao_id,cnpj_cia,tipo) values ('PP-FKW','09296295000160','737-900ER');

-- LATAM Airlines
insert into Aviao_tb (aviao_id,cnpj_cia,tipo) values ('PP-FMZ','02012862000160','A320neo'); 
insert into Aviao_tb (aviao_id,cnpj_cia,tipo) values ('PP-FRI','02012862000160','A320');
insert into Aviao_tb (aviao_id,cnpj_cia,tipo) values ('PP-FRS','02012862000160','A320');

--TAP Air Portugal
insert into Aviao_tb (aviao_id,cnpj_cia,tipo) values ('PP-GBO','33136896000190','A330');
insert into Aviao_tb (aviao_id,cnpj_cia,tipo) values ('PP-GCT','33136896000190','A330');
insert into Aviao_tb (aviao_id,cnpj_cia,tipo) values ('PP-GED','33136896000190','737-900ER');

-- Copa Airlines
insert into Aviao_tb (aviao_id,cnpj_cia,tipo) values ('PP-GFT','03834757000179','A320neo'); 
insert into Aviao_tb (aviao_id,cnpj_cia,tipo) values ('PP-GGC','03834757000179','E195-E2');

-- Emirates Airlines
insert into Aviao_tb (aviao_id,cnpj_cia,tipo) values ('PP-GKY','08692080000286','A330'); 
insert into Aviao_tb (aviao_id,cnpj_cia,tipo) values ('PP-GLM','08692080000286','A330');

-- American Airlines
insert into Aviao_tb (aviao_id,cnpj_cia,tipo) values ('PR-QUA','06164253000187','737-900ER'); 
insert into Aviao_tb (aviao_id,cnpj_cia,tipo) values ('PP-HEE','36212637000199','737-800');

----Voo

ALTER SESSION SET NLS_TIMESTAMP_FORMAT = 'dd-mm-yyyy hh24:mi:ss';

insert into Voo_tb (codigo,portao,local_partida,local_chegada,data_partida,data_chegada)
    values (74488,'13','Brasília','Recife','25-06-2022 13:14:22','25-06-2022 16:25:21');

insert into Voo_tb (codigo,portao,local_partida,local_chegada,data_partida,data_chegada)
    values (19525,'22','Porto Alegre','Recife','27-05-2022 12:34:01','27-05-2022 19:37:51');

insert into Voo_tb (codigo,portao,local_partida,local_chegada,data_partida,data_chegada)
    values (93742,'17','Joinville','Porto Alegre','26-06-2022 13:14:22','26-06-2022 15:10:27');

insert into Voo_tb (codigo,portao,local_partida,local_chegada,data_partida,data_chegada)
    values (17942,'12','Curitiba','São Paulo','15-08-2022 11:55:33','15-08-2022 14:40:10');

insert into Voo_tb (codigo,portao,local_partida,local_chegada,data_partida,data_chegada)
    values (85873,'11','Manaus','Macapá','14-02-2022 15:31:06','14-02-2022 18:15:08');

insert into Voo_tb (codigo,portao,local_partida,local_chegada,data_partida,data_chegada)
    values (84828,'01','Recife','Petrolina','13-03-2022 08:13:17','13-03-2022 10:10:18');

insert into Voo_tb (codigo,portao,local_partida,local_chegada,data_partida,data_chegada)
    values (78594,'08','Salvador','Rio Branco','31-08-2022 16:09:45','31-08-2022 20:15:55');

insert into Voo_tb (codigo,portao,local_partida,local_chegada,data_partida,data_chegada)
    values (83271,'25','Cuiabá','Belém','04-05-2022 10:12:11','04-05-2022 13:17:13');

insert into Voo_tb (codigo,portao,local_partida,local_chegada,data_partida,data_chegada)
    values (63128,'30','Palmas','Boa Vista','05-08-2022 14:08:09','05-08-2022 21:08:09');

insert into Voo_tb (codigo,portao,local_partida,local_chegada,data_partida,data_chegada)
    values (13582,'24','Brasília','Rio de Janeiro','26-05-2022 12:36:38','26-05-2022 14:50:36');

----Compra

insert into Compra_tb (id_compra, cnpj_cia, valor, porcentagem, cpf_pa)
    values (350326078, '06164253000187', 3000.50, 0, '18683894487');

insert into Compra_tb (id_compra, cnpj_cia, valor, porcentagem, cpf_pa)
    values (264400458, '09296295000160', 1500.50, 10, '49152142140');

insert into Compra_tb (id_compra, cnpj_cia, valor, porcentagem, cpf_pa)
    values (312984064, '02012862000160', 759.00, 0, '00853954550');

insert into Compra_tb (id_compra, cnpj_cia, valor, porcentagem, cpf_pa)
    values (178693652, '06164253000187', 545.00, 15, '69444744507');

insert into Compra_tb (id_compra, cnpj_cia, valor, porcentagem, cpf_pa)
    values (981102074, '03834757000179', 4243.75, 10, '71518987702');

insert into Compra_tb (id_compra, cnpj_cia, valor, porcentagem, cpf_pa)
    values (495663180, '09296295000160', 3175.25, 5, '40681591064');

insert into Compra_tb (id_compra, cnpj_cia, valor, porcentagem, cpf_pa)
    values (349971622, '33136896000190', 8691.00, 0, '32008422704');

insert into Compra_tb (id_compra, cnpj_cia, valor, porcentagem, cpf_pa)
    values (461179953, '02012862000160', 6688.00, 0, '70740420801');

insert into Compra_tb (id_compra, cnpj_cia, valor, porcentagem, cpf_pa)
    values (537887656, '09296295000160', 3960.70, 20, '32008422704');

insert into Compra_tb (id_compra, cnpj_cia, valor, porcentagem, cpf_pa)
    values (258183477, '08692080000286', 4245.30, 0, '45238400756');

insert into Compra_tb (id_compra, cnpj_cia, valor, porcentagem, cpf_pa)
    values (738412219, '06164253000187', 3175.40, 0, '18683894487');

insert into Compra_tb (id_compra, cnpj_cia, valor, porcentagem, cpf_pa)
    values (388389369, '36212637000199', 25044.50, 0, '69444744507');

insert into Compra_tb (id_compra, cnpj_cia, valor, porcentagem, cpf_pa)
    values (589003455, '08692080000286', 19000.00, 10, '71311506578');

insert into Compra_tb (id_compra, cnpj_cia, valor, porcentagem, cpf_pa)
    values (113359863, '09296295000160', 2030.25, 0, '44527288989');

insert into Compra_tb (id_compra, cnpj_cia, valor, porcentagem, cpf_pa)
    values (472676094, '06164253000187', 2000.37, 0, '44527288989');

insert into Compra_tb (id_compra, cnpj_cia, valor, porcentagem, cpf_pa)
    values (664171520, '33136896000190', 960.21, 20, '54657828622');

insert into Compra_tb (id_compra, cnpj_cia, valor, porcentagem, cpf_pa)
    values (486218148, '02012862000160', 10096.20, 5, '03757527062');

insert into Compra_tb (id_compra, cnpj_cia, valor, porcentagem, cpf_pa)
    values (944334495, '36212637000199', 5000.00, 0, '71518987702');

insert into Compra_tb (id_compra, cnpj_cia, valor, porcentagem, cpf_pa)
    values (468220465, '33136896000190', 0.00, 100, '64145381084');

insert into Compra_tb (id_compra, cnpj_cia, valor, porcentagem, cpf_pa)
    values (222559602, '03834757000179', 5200.00, 0, '00853954550');

----Passagem

insert into Passagem_tb (passagem_id, assento, codigo_voo, id_compra)
    values ('CP2X1V', '15B', 19525, 589003455);

insert into Passagem_tb (passagem_id, assento, codigo_voo, id_compra)
    values ('A07G9E', '16B', 19525, 589003455);

insert into Passagem_tb (passagem_id, assento, codigo_voo, id_compra)
    values ('BU1Z8C', '17B', 19525, 589003455);

insert into Passagem_tb (passagem_id, assento, codigo_voo, id_compra)
    values ('K8RPZ8', '42A', 19525, 461179953);

insert into Passagem_tb (passagem_id, assento, codigo_voo, id_compra)
    values ('O763QT', '15A', 74488, 350326078);

insert into Passagem_tb (passagem_id, assento, codigo_voo, id_compra)
    values ('NQZWKR', '76A', 74488, 495663180);

insert into Passagem_tb (passagem_id, assento, codigo_voo, id_compra)
    values ('WN8IRT', '15B', 93742, 537887656);

insert into Passagem_tb (passagem_id, assento, codigo_voo, id_compra)
    values ('JZQ8HP', '22A', 93742, 258183477);

insert into Passagem_tb (passagem_id, assento, codigo_voo, id_compra)
    values ('R9B2JB', '33B', 17942, 113359863);

insert into Passagem_tb (passagem_id, assento, codigo_voo, id_compra)
    values ('LZVDVI', '44B', 17942, 472676094);

insert into Passagem_tb (passagem_id, assento, codigo_voo, id_compra)
    values ('QOFLZ8', '12B', 84828, 388389369);

insert into Passagem_tb (passagem_id, assento, codigo_voo, id_compra)
    values ('A4WFSE', '13B', 84828, 388389369);

insert into Passagem_tb (passagem_id, assento, codigo_voo, id_compra)
    values ('NDFQB7', '20C', 84828, 388389369);

insert into Passagem_tb (passagem_id, assento, codigo_voo, id_compra)
    values ('K5HQWH', '21C', 84828, 388389369);

insert into Passagem_tb (passagem_id, assento, codigo_voo, id_compra)
    values ('P74LRK', '5A', 84828, 349971622);

insert into Passagem_tb (passagem_id, assento, codigo_voo, id_compra)
    values ('IV69IY', '31B', 78594, 738412219);

insert into Passagem_tb (passagem_id, assento, codigo_voo, id_compra)
    values ('ZW4BIC', '32B', 78594, 738412219);

insert into Passagem_tb (passagem_id, assento, codigo_voo, id_compra)
    values ('BXIK5Y', '33B', 78594, 738412219);

insert into Passagem_tb (passagem_id, assento, codigo_voo, id_compra)
    values ('JFLSYR', '52C', 83271, 486218148);

insert into Passagem_tb (passagem_id, assento, codigo_voo, id_compra)
    values ('Q4Y49R', '53C', 83271, 486218148);

insert into Passagem_tb (passagem_id, assento, codigo_voo, id_compra)
    values ('FZ6S1N', '32A', 83271, 468220465);

insert into Passagem_tb (passagem_id, assento, codigo_voo, id_compra)
    values ('J6MQBR', '33A', 83271, 222559602);

insert into Passagem_tb (passagem_id, assento, codigo_voo, id_compra)
    values ('ZNM2Q5', '10B', 63128, 664171520);

insert into Passagem_tb (passagem_id, assento, codigo_voo, id_compra)
    values ('NY1GXX', '1A', 63128, 664171520);

insert into Passagem_tb (passagem_id, assento, codigo_voo, id_compra)
    values ('TQLGON', '5B', 63128, 178693652);

insert into Passagem_tb (passagem_id, assento, codigo_voo, id_compra)
    values ('D06RJ8', '2A', 13582, 981102074);

insert into Passagem_tb (passagem_id, assento, codigo_voo, id_compra)
    values ('LE3TR5', '25B', 13582, 944334495);

insert into Passagem_tb (passagem_id, assento, codigo_voo, id_compra)
    values ('C34FCR', '10C', 85873, 264400458);

insert into Passagem_tb (passagem_id, assento, codigo_voo, id_compra)
    values ('XSW5Z1', '9C', 85873, 264400458);

insert into Passagem_tb (passagem_id, assento, codigo_voo, id_compra)
    values ('P092L4', '41B', 85873, 312984064);

----Trabalha

ALTER SESSION SET NLS_DATE_FORMAT = 'dd-mm-yyyy';

--- Primeiro Turno ---
insert into Trabalha_tb (cnpj_cia,cpf_tri,data_trabalha) -- Piloto 
    values ('06164253000187','06059026150','01-02-2022' );

insert into Trabalha_tb (cnpj_cia,cpf_tri,data_trabalha) -- Comissário
    values ('06164253000187','95441453206','01-02-2022');

insert into Trabalha_tb (cnpj_cia,cpf_tri,data_trabalha) -- Comissário
    values ('06164253000187','58615293961','01-02-2022');

insert into Trabalha_tb (cnpj_cia,cpf_tri,data_trabalha) -- Comissário
    values ('06164253000187','34037975548','01-02-2022');

--- Segundo Turno ---
insert into Trabalha_tb (cnpj_cia,cpf_tri,data_trabalha) -- Piloto 
    values ('09296295000160','06059026150','02-05-2022');

insert into Trabalha_tb (cnpj_cia,cpf_tri,data_trabalha) -- Comissário
    values ('09296295000160','95441453206','02-05-2022');

insert into Trabalha_tb (cnpj_cia,cpf_tri,data_trabalha) -- Comissário
    values ('09296295000160','58615293961','02-05-2022');

insert into Trabalha_tb (cnpj_cia,cpf_tri,data_trabalha) -- Comissário
    values ('09296295000160','34037975548','02-05-2022');

--- Terceiro Turno ---
insert into Trabalha_tb (cnpj_cia,cpf_tri,data_trabalha) -- Piloto 
    values ('02012862000160','06059026150','07-06-2022');

insert into Trabalha_tb (cnpj_cia,cpf_tri,data_trabalha) -- Comissário
    values ('02012862000160','95441453206','07-06-2022');

insert into Trabalha_tb (cnpj_cia,cpf_tri,data_trabalha) -- Comissário
    values ('02012862000160','58615293961','07-06-2022');

insert into Trabalha_tb (cnpj_cia,cpf_tri,data_trabalha) -- Comissário
    values ('02012862000160','34037975548','07-06-2022');

--- Quarto Turno ---
insert into Trabalha_tb (cnpj_cia,cpf_tri,data_trabalha) -- Piloto 
    values ('33136896000190','06059026150','10-05-2022');

insert into Trabalha_tb (cnpj_cia,cpf_tri,data_trabalha) -- Comissário
    values ('33136896000190','95441453206','10-05-2022');

insert into Trabalha_tb (cnpj_cia,cpf_tri,data_trabalha) -- Comissário
    values ('33136896000190','58615293961','10-05-2022');

insert into Trabalha_tb (cnpj_cia,cpf_tri,data_trabalha) -- Comissário
    values ('08692080000286','34037975548','10-05-2022');

--- Quinto Turno ---
insert into Trabalha_tb (cnpj_cia,cpf_tri,data_trabalha) -- Piloto 
    values ('03834757000179','06059026150','20-06-2022');

insert into Trabalha_tb (cnpj_cia,cpf_tri,data_trabalha) -- Comissário
    values ('03834757000179','95441453206','20-06-2022');

insert into Trabalha_tb (cnpj_cia,cpf_tri,data_trabalha) -- Comissário
    values ('03834757000179','58615293961','20-06-2022');

insert into Trabalha_tb (cnpj_cia,cpf_tri,data_trabalha) -- Comissário
    values ('03834757000179','34037975548','20-06-2022');

--- --- ---- ----
--- Primeiro Turno ---
insert into Trabalha_tb (cnpj_cia,cpf_tri,data_trabalha) -- Piloto
    values ('08692080000286','38627188670','20-07-2022');

insert into Trabalha_tb (cnpj_cia,cpf_tri,data_trabalha) -- Comissário
    values ('08692080000286','58777771907','20-07-2022');

insert into Trabalha_tb (cnpj_cia,cpf_tri,data_trabalha) -- Comissário
    values ('08692080000286','95441453206','20-07-2022');

insert into Trabalha_tb (cnpj_cia,cpf_tri,data_trabalha) -- Comissário
    values ('08692080000286','58615293961','20-07-2022');

insert into Trabalha_tb (cnpj_cia,cpf_tri,data_trabalha) -- Comissário
    values ('08692080000286','34037975548','20-07-2022');

--- Segundo Turno ---
insert into Trabalha_tb (cnpj_cia,cpf_tri,data_trabalha) -- Piloto
    values ('36212637000199','38627188670','22-07-2022');

insert into Trabalha_tb (cnpj_cia,cpf_tri,data_trabalha) -- Comissário
    values ('36212637000199','58777771907','22-07-2022');

insert into Trabalha_tb (cnpj_cia,cpf_tri,data_trabalha) -- Comissário
    values ('36212637000199','95441453206','22-07-2022');

insert into Trabalha_tb (cnpj_cia,cpf_tri,data_trabalha) -- Comissário
    values ('36212637000199','58615293961','22-07-2022');

insert into Trabalha_tb (cnpj_cia,cpf_tri,data_trabalha) -- Comissário
    values ('36212637000199','34037975548','22-07-2022');

--- Terceiro Turno ---
insert into Trabalha_tb (cnpj_cia,cpf_tri,data_trabalha) -- Piloto
    values ('03834757000179','38627188670','24-07-2022');

insert into Trabalha_tb (cnpj_cia,cpf_tri,data_trabalha) -- Comissário
    values ('03834757000179','58777771907','24-07-2022');

insert into Trabalha_tb (cnpj_cia,cpf_tri,data_trabalha) -- Comissário
    values ('03834757000179','95441453206','24-07-2022');

insert into Trabalha_tb (cnpj_cia,cpf_tri,data_trabalha) -- Comissário
    values ('03834757000179','58615293961','24-07-2022');

insert into Trabalha_tb (cnpj_cia,cpf_tri,data_trabalha) -- Comissário
    values ('03834757000179','34037975548','24-07-2022');

--- --- ---- ----
--- Primeiro Turno ---
insert into Trabalha_tb (cnpj_cia,cpf_tri,data_trabalha) -- Piloto
    values ('09296295000160','27240059960','10-09-2022');

insert into Trabalha_tb (cnpj_cia,cpf_tri,data_trabalha) -- Comissário
    values ('33136896000190','82491793741','10-09-2022');

insert into Trabalha_tb (cnpj_cia,cpf_tri,data_trabalha) -- Comissário
    values ('08692080000286','95441453206','10-09-2022');

insert into Trabalha_tb (cnpj_cia,cpf_tri,data_trabalha) -- Comissário
    values ('08692080000286','34037975548','10-09-2022');

insert into Trabalha_tb (cnpj_cia,cpf_tri,data_trabalha) -- Comissário
    values ('03834757000179','58777771907','10-09-2022');

--- --- ---- ----
--- Primeiro Turno ---
insert into Trabalha_tb (cnpj_cia,cpf_tri,data_trabalha) -- Piloto
    values ('09296295000160','28158159664','20-08-2022');

insert into Trabalha_tb (cnpj_cia,cpf_tri,data_trabalha) -- Comissário
    values ('33136896000190','82491793741','20-08-2022');

insert into Trabalha_tb (cnpj_cia,cpf_tri,data_trabalha) -- Comissário
    values ('03834757000179','58777771907','20-08-2022');

insert into Trabalha_tb (cnpj_cia,cpf_tri,data_trabalha) -- Comissário
    values ('08692080000286','95441453206','20-08-2022');

----Escala

ALTER SESSION SET NLS_TIMESTAMP_FORMAT = 'dd-mm-yyyy hh24:mi:ss';

-- voo 74488

insert into Escala_tb (id_aviao,codigo_voo,cpf_tri,data_escala)
    values ('PR-YSG',74488,'06059026150','21-06-2022 13:14:22');

insert into Escala_tb (id_aviao,codigo_voo,cpf_tri,data_escala)
    values ('PR-YSG',74488,'27240059960','21-06-2022 13:14:22');

insert into Escala_tb (id_aviao,codigo_voo,cpf_tri,data_escala)
    values ('PR-YSG',74488,'09516032486','21-06-2022 13:14:22');

insert into Escala_tb (id_aviao,codigo_voo,cpf_tri,data_escala)
    values ('PR-YSG',74488,'82491793741','22-06-2022 14:15:12');


--voo 19525

insert into Escala_tb (id_aviao,codigo_voo,cpf_tri,data_escala)
    values ('PR-GUZ',19525,'38627188670','22-05-2022 12:34:01');

insert into Escala_tb (id_aviao,codigo_voo,cpf_tri,data_escala)
    values ('PR-GUZ',19525,'28158159664','20-05-2022 13:50:05');

insert into Escala_tb (id_aviao,codigo_voo,cpf_tri,data_escala)
    values ('PR-GUZ',19525,'95441453206','21-05-2022 08:44:21');

insert into Escala_tb (id_aviao,codigo_voo,cpf_tri,data_escala)
    values ('PR-GUZ',19525,'58615293961','22-05-2022 12:34:01');


--voo 93742

insert into Escala_tb (id_aviao,codigo_voo,cpf_tri,data_escala)
    values ('PP-FMZ',93742,'38627188670','19-05-2022 17:54:12');

insert into Escala_tb (id_aviao,codigo_voo,cpf_tri,data_escala)
    values ('PP-FMZ',93742,'28158159664','19-05-2022 17:54:12');

insert into Escala_tb (id_aviao,codigo_voo,cpf_tri,data_escala)
    values ('PP-FMZ',93742,'95441453206','19-05-2022 17:54:12');

insert into Escala_tb (id_aviao,codigo_voo,cpf_tri,data_escala)
    values ('PP-FMZ',93742,'58615293961','19-05-2022 17:54:12');


--voo 17942

insert into Escala_tb (id_aviao,codigo_voo,cpf_tri,data_escala)
    values ('PP-GBO',17942,'06059026150','10-08-2022 10:45:53');

insert into Escala_tb (id_aviao,codigo_voo,cpf_tri,data_escala)
    values ('PP-GBO',17942,'27240059960','10-08-2022 11:55:33');

insert into Escala_tb (id_aviao,codigo_voo,cpf_tri,data_escala)
    values ('PP-GBO',17942,'09516032486','10-08-2022 09:37:13');

insert into Escala_tb (id_aviao,codigo_voo,cpf_tri,data_escala)
    values ('PP-GBO',17942,'58777771907','10-08-2022 11:55:33');


--voo 85873

insert into Escala_tb (id_aviao,codigo_voo,cpf_tri,data_escala)
    values ('PP-GFT',85873,'38627188670','09-02-2022 15:31:06');

insert into Escala_tb (id_aviao,codigo_voo,cpf_tri,data_escala)
    values ('PP-GFT',85873,'28158159664','09-02-2022 15:31:06');

insert into Escala_tb (id_aviao,codigo_voo,cpf_tri,data_escala)
    values ('PP-GFT',85873,'95441453206','09-02-2022 15:31:06');

insert into Escala_tb (id_aviao,codigo_voo,cpf_tri,data_escala)
    values ('PP-GFT',85873,'34037975548','09-02-2022 15:31:06');


--voo 84828

insert into Escala_tb (id_aviao,codigo_voo,cpf_tri,data_escala)
    values ('PP-GKY',84828,'06059026150','05-03-2022 09:15:37');

insert into Escala_tb (id_aviao,codigo_voo,cpf_tri,data_escala)
    values ('PP-GKY',84828,'27240059960','08-03-2022 08:13:17');

insert into Escala_tb (id_aviao,codigo_voo,cpf_tri,data_escala)
    values ('PP-GKY',84828,'82491793741','08-03-2022 08:13:17');

insert into Escala_tb (id_aviao,codigo_voo,cpf_tri,data_escala)
    values ('PP-GKY',84828,'58777771907','06-03-2022 18:10:14');


--voo 78594

insert into Escala_tb (id_aviao,codigo_voo,cpf_tri,data_escala)
    values ('PR-QUA',78594,'38627188670','26-08-2022 16:09:45');

insert into Escala_tb (id_aviao,codigo_voo,cpf_tri,data_escala)
    values ('PR-QUA',78594,'28158159664','26-08-2022 16:09:45');

insert into Escala_tb (id_aviao,codigo_voo,cpf_tri,data_escala)
    values ('PR-QUA',78594,'58615293961','26-08-2022 16:09:45');

insert into Escala_tb (id_aviao,codigo_voo,cpf_tri,data_escala)
    values ('PR-QUA',78594,'34037975548','26-08-2022 16:09:45');


--voo 83271

insert into Escala_tb (id_aviao,codigo_voo,cpf_tri,data_escala)
    values ('PR-GGE',83271,'06059026150','30-04-2022 10:12:11');

insert into Escala_tb (id_aviao,codigo_voo,cpf_tri,data_escala)
    values ('PR-GGE',83271,'27240059960','28-04-2022 11:52:31');

insert into Escala_tb (id_aviao,codigo_voo,cpf_tri,data_escala)
    values ('PR-GGE',83271,'09516032486','28-04-2022 11:15:31');

insert into Escala_tb (id_aviao,codigo_voo,cpf_tri,data_escala)
    values ('PR-GGE',83271,'82491793741','30-04-2022 10:12:11');


--voo 63128

insert into Escala_tb (id_aviao,codigo_voo,cpf_tri,data_escala)
    values ('PS-GPA',63128,'38627188670','29-07-2022 14:08:09');

insert into Escala_tb (id_aviao,codigo_voo,cpf_tri,data_escala)
    values ('PS-GPA',63128,'28158159664','29-07-2022 14:08:09');

insert into Escala_tb (id_aviao,codigo_voo,cpf_tri,data_escala)
    values ('PS-GPA',63128,'34037975548','29-07-2022 14:08:09');

insert into Escala_tb (id_aviao,codigo_voo,cpf_tri,data_escala)
    values ('PS-GPA',63128,'58615293961','29-07-2022 14:08:09');


--voo 13582

insert into Escala_tb (id_aviao,codigo_voo,cpf_tri,data_escala)
    values ('PP-FRI',13582,'06059026150','21-05-2022 12:36:38');

insert into Escala_tb (id_aviao,codigo_voo,cpf_tri,data_escala)
    values ('PP-FRI',13582,'27240059960','21-05-2022 12:36:38');

insert into Escala_tb (id_aviao,codigo_voo,cpf_tri,data_escala)
    values ('PP-FRI',13582,'82491793741','21-05-2022 12:36:38');

insert into Escala_tb (id_aviao,codigo_voo,cpf_tri,data_escala)
    values ('PP-FRI',13582,'58777771907','21-05-2022 12:36:38');